{
  "project_info": {
    "project_number": "770756034238",
    "project_id": "zoldseg-gyumolcs",
    "storage_bucket": "zoldseg-gyumolcs.appspot.com"
  },
  "client": [
    {
      "client_info": {
        "mobilesdk_app_id": "1:770756034238:android:78e8b65722ec19281e68ef",
        "android_client_info": {
          "package_name": "com.example.gyumolcszoldseg"
        }
      },
      "oauth_client": [],
      "api_key": [
        {
          "current_key": "AIzaSyCGhsYMHkpCCK3KU503KA9pgYRjE8COsfs"
        }
      ],
      "services": {
        "appinvite_service": {
          "other_platform_oauth_client": []
        }
      }
    }
  ],
  "configuration_version": "1"
}